/*
 Navicat Premium Data Transfer

 Source Server         : localhost
 Source Server Type    : MySQL
 Source Server Version : 50726
 Source Host           : localhost:3306
 Source Schema         : albedo

 Target Server Type    : MySQL
 Target Server Version : 50726
 File Encoding         : 65001

 Date: 12/08/2019 11:09:01
*/

SET NAMES utf8mb4;
SET FOREIGN_KEY_CHECKS = 0;

-- ----------------------------
-- Table structure for gen_scheme
-- ----------------------------
DROP TABLE IF EXISTS `gen_scheme`;
CREATE TABLE `gen_scheme`  (
  `id` varchar(64) CHARACTER SET utf8 COLLATE utf8_general_ci NOT NULL COMMENT '编号',
  `name` varchar(200) CHARACTER SET utf8 COLLATE utf8_general_ci NULL DEFAULT NULL COMMENT '名称',
  `category` varchar(2000) CHARACTER SET utf8 COLLATE utf8_general_ci NULL DEFAULT NULL COMMENT '分类',
  `view_type` char(2) CHARACTER SET utf8 COLLATE utf8_general_ci NULL DEFAULT NULL COMMENT '视图类型 0  普通表格 1  表格采用ajax刷新',
  `package_name` varchar(500) CHARACTER SET utf8 COLLATE utf8_general_ci NULL DEFAULT NULL COMMENT '生成包路径',
  `module_name` varchar(30) CHARACTER SET utf8 COLLATE utf8_general_ci NULL DEFAULT NULL COMMENT '生成模块名',
  `sub_module_name` varchar(30) CHARACTER SET utf8 COLLATE utf8_general_ci NULL DEFAULT NULL COMMENT '生成子模块名',
  `function_name` varchar(500) CHARACTER SET utf8 COLLATE utf8_general_ci NULL DEFAULT NULL COMMENT '生成功能名',
  `function_name_simple` varchar(100) CHARACTER SET utf8 COLLATE utf8_general_ci NULL DEFAULT NULL COMMENT '生成功能名（简写）',
  `function_author` varchar(100) CHARACTER SET utf8 COLLATE utf8_general_ci NULL DEFAULT NULL COMMENT '生成功能作者',
  `gen_table_id` varchar(200) CHARACTER SET utf8 COLLATE utf8_general_ci NULL DEFAULT NULL COMMENT '生成表编号',
  `version` int(11) NULL DEFAULT 0 COMMENT '默认0，必填，离线乐观锁',
  `description` varchar(255) CHARACTER SET utf8 COLLATE utf8_general_ci NULL DEFAULT NULL COMMENT '描述',
  `created_by` varchar(50) CHARACTER SET utf8 COLLATE utf8_general_ci NOT NULL,
  `created_date` timestamp(3) NOT NULL DEFAULT CURRENT_TIMESTAMP(3) ON UPDATE CURRENT_TIMESTAMP(3),
  `last_modified_by` varchar(50) CHARACTER SET utf8 COLLATE utf8_general_ci NULL DEFAULT NULL,
  `last_modified_date` timestamp(3) NULL DEFAULT NULL,
  `del_flag` char(1) CHARACTER SET utf8mb4 COLLATE utf8mb4_bin NULL DEFAULT '0' COMMENT '0-正常，1-删除',
  PRIMARY KEY (`id`) USING BTREE
) ENGINE = InnoDB CHARACTER SET = utf8 COLLATE = utf8_general_ci COMMENT = '生成方案' ROW_FORMAT = Dynamic;

-- ----------------------------
-- Table structure for gen_table
-- ----------------------------
DROP TABLE IF EXISTS `gen_table`;
CREATE TABLE `gen_table`  (
  `id` varchar(64) CHARACTER SET utf8 COLLATE utf8_general_ci NOT NULL COMMENT '编号',
  `name` varchar(200) CHARACTER SET utf8 COLLATE utf8_general_ci NULL DEFAULT NULL COMMENT '名称',
  `comments` varchar(500) CHARACTER SET utf8 COLLATE utf8_general_ci NULL DEFAULT NULL COMMENT '描述',
  `class_name` varchar(100) CHARACTER SET utf8 COLLATE utf8_general_ci NULL DEFAULT NULL COMMENT '实体类名称',
  `parent_table` varchar(200) CHARACTER SET utf8 COLLATE utf8_general_ci NULL DEFAULT NULL COMMENT '关联父表',
  `parent_table_fk` varchar(100) CHARACTER SET utf8 COLLATE utf8_general_ci NULL DEFAULT NULL COMMENT '关联父表外键',
  `version` int(11) NULL DEFAULT 0 COMMENT '默认0，必填，离线乐观锁',
  `description` varchar(255) CHARACTER SET utf8 COLLATE utf8_general_ci NULL DEFAULT NULL COMMENT '描述',
  `created_by` varchar(50) CHARACTER SET utf8 COLLATE utf8_general_ci NOT NULL,
  `created_date` timestamp(3) NOT NULL DEFAULT CURRENT_TIMESTAMP(3) ON UPDATE CURRENT_TIMESTAMP(3),
  `last_modified_by` varchar(50) CHARACTER SET utf8 COLLATE utf8_general_ci NULL DEFAULT NULL,
  `last_modified_date` timestamp(3) NULL DEFAULT NULL,
  `del_flag` char(1) CHARACTER SET utf8mb4 COLLATE utf8mb4_bin NULL DEFAULT '0' COMMENT '0-正常，1-删除',
  PRIMARY KEY (`id`) USING BTREE,
  UNIQUE INDEX `id`(`id`) USING BTREE,
  INDEX `gen_table_name`(`name`) USING BTREE
) ENGINE = InnoDB CHARACTER SET = utf8 COLLATE = utf8_general_ci COMMENT = '业务表' ROW_FORMAT = Dynamic;

-- ----------------------------
-- Table structure for gen_table_column
-- ----------------------------
DROP TABLE IF EXISTS `gen_table_column`;
CREATE TABLE `gen_table_column`  (
  `id` varchar(64) CHARACTER SET utf8 COLLATE utf8_general_ci NOT NULL COMMENT '编号',
  `gen_table_id` varchar(64) CHARACTER SET utf8 COLLATE utf8_general_ci NULL DEFAULT NULL COMMENT '归属表编号',
  `name` varchar(200) CHARACTER SET utf8 COLLATE utf8_general_ci NULL DEFAULT NULL COMMENT '名称',
  `title` varchar(255) CHARACTER SET utf8 COLLATE utf8_general_ci NOT NULL COMMENT '标题',
  `comments` varchar(500) CHARACTER SET utf8 COLLATE utf8_general_ci NULL DEFAULT NULL COMMENT '描述备注',
  `jdbc_type` varchar(100) CHARACTER SET utf8 COLLATE utf8_general_ci NULL DEFAULT NULL COMMENT '列的数据类型的字节长度',
  `java_type` varchar(500) CHARACTER SET utf8 COLLATE utf8_general_ci NULL DEFAULT NULL COMMENT 'JAVA类型',
  `java_field` varchar(200) CHARACTER SET utf8 COLLATE utf8_general_ci NULL DEFAULT NULL COMMENT 'JAVA字段名',
  `is_pk` bit(1) NULL DEFAULT NULL COMMENT '是否主键',
  `is_unique` bit(1) NULL DEFAULT NULL COMMENT '是否唯一（1：是；0：否）',
  `is_null` bit(1) NULL DEFAULT NULL COMMENT '是否可为空',
  `is_insert` bit(1) NULL DEFAULT NULL COMMENT '是否为插入字段',
  `is_edit` bit(1) NULL DEFAULT NULL COMMENT '是否编辑字段',
  `is_list` bit(1) NULL DEFAULT NULL COMMENT '是否列表字段',
  `is_query` bit(1) NULL DEFAULT NULL COMMENT '是否查询字段',
  `query_type` varchar(200) CHARACTER SET utf8 COLLATE utf8_general_ci NULL DEFAULT NULL COMMENT '查询方式（等于、不等于、大于、小于、范围、左LIKE、右LIKE、左右LIKE）',
  `show_type` varchar(200) CHARACTER SET utf8 COLLATE utf8_general_ci NULL DEFAULT NULL COMMENT '字段生成方案（文本框、文本域、下拉框、复选框、单选框、字典选择、人员选择、部门选择、区域选择）',
  `dict_type` varchar(200) CHARACTER SET utf8 COLLATE utf8_general_ci NULL DEFAULT NULL COMMENT '字典类型',
  `settings` varchar(2000) CHARACTER SET utf8 COLLATE utf8_general_ci NULL DEFAULT NULL COMMENT '其它设置（扩展字段JSON）',
  `sort` decimal(10, 0) NULL DEFAULT NULL COMMENT '排序（升序）',
  `version` int(11) NULL DEFAULT 0 COMMENT '默认0，必填，离线乐观锁',
  `description` varchar(255) CHARACTER SET utf8 COLLATE utf8_general_ci NULL DEFAULT NULL COMMENT '描述',
  `created_by` varchar(50) CHARACTER SET utf8 COLLATE utf8_general_ci NOT NULL,
  `created_date` timestamp(3) NOT NULL DEFAULT CURRENT_TIMESTAMP(3) ON UPDATE CURRENT_TIMESTAMP(3),
  `last_modified_by` varchar(50) CHARACTER SET utf8 COLLATE utf8_general_ci NULL DEFAULT NULL,
  `last_modified_date` timestamp(3) NULL DEFAULT NULL,
  `del_flag` char(1) CHARACTER SET utf8mb4 COLLATE utf8mb4_bin NULL DEFAULT '0' COMMENT '0-正常，1-删除',
  PRIMARY KEY (`id`) USING BTREE,
  INDEX `gen_table_column_table_id`(`gen_table_id`) USING BTREE,
  INDEX `gen_table_column_name`(`name`) USING BTREE,
  INDEX `gen_table_column_sort`(`sort`) USING BTREE
) ENGINE = InnoDB CHARACTER SET = utf8 COLLATE = utf8_general_ci COMMENT = '业务表字段' ROW_FORMAT = Dynamic;

-- ----------------------------
-- Table structure for gen_table_fk
-- ----------------------------
DROP TABLE IF EXISTS `gen_table_fk`;
CREATE TABLE `gen_table_fk`  (
  `id` varchar(64) CHARACTER SET utf8 COLLATE utf8_general_ci NOT NULL COMMENT '编号',
  `gen_table_id` varchar(64) CHARACTER SET utf8 COLLATE utf8_general_ci NULL DEFAULT NULL COMMENT '归属表编号',
  `name` varchar(200) CHARACTER SET utf8 COLLATE utf8_general_ci NULL DEFAULT NULL COMMENT '名称',
  `comments` varchar(500) CHARACTER SET utf8 COLLATE utf8_general_ci NULL DEFAULT NULL COMMENT '描述',
  `jdbc_type` varchar(100) CHARACTER SET utf8 COLLATE utf8_general_ci NULL DEFAULT NULL COMMENT '列的数据类型的字节长度',
  `java_type` varchar(500) CHARACTER SET utf8 COLLATE utf8_general_ci NULL DEFAULT NULL COMMENT 'JAVA类型',
  `java_field` varchar(200) CHARACTER SET utf8 COLLATE utf8_general_ci NULL DEFAULT NULL COMMENT 'JAVA字段名',
  `is_pk` char(1) CHARACTER SET utf8 COLLATE utf8_general_ci NULL DEFAULT NULL COMMENT '是否主键',
  `is_unique` char(1) CHARACTER SET utf8 COLLATE utf8_general_ci NULL DEFAULT '0' COMMENT '是否唯一（1：是；0：否）',
  `is_null` char(1) CHARACTER SET utf8 COLLATE utf8_general_ci NULL DEFAULT NULL COMMENT '是否可为空',
  `is_insert` char(1) CHARACTER SET utf8 COLLATE utf8_general_ci NULL DEFAULT NULL COMMENT '是否为插入字段',
  `is_edit` char(1) CHARACTER SET utf8 COLLATE utf8_general_ci NULL DEFAULT NULL COMMENT '是否编辑字段',
  `is_list` char(1) CHARACTER SET utf8 COLLATE utf8_general_ci NULL DEFAULT NULL COMMENT '是否列表字段',
  `is_query` char(1) CHARACTER SET utf8 COLLATE utf8_general_ci NULL DEFAULT NULL COMMENT '是否查询字段',
  `query_type` varchar(200) CHARACTER SET utf8 COLLATE utf8_general_ci NULL DEFAULT NULL COMMENT '查询方式（等于、不等于、大于、小于、范围、左LIKE、右LIKE、左右LIKE）',
  `show_type` varchar(200) CHARACTER SET utf8 COLLATE utf8_general_ci NULL DEFAULT NULL COMMENT '字段生成方案（文本框、文本域、下拉框、复选框、单选框、字典选择、人员选择、部门选择、区域选择）',
  `dict_type` varchar(200) CHARACTER SET utf8 COLLATE utf8_general_ci NULL DEFAULT NULL COMMENT '字典类型',
  `settings` varchar(2000) CHARACTER SET utf8 COLLATE utf8_general_ci NULL DEFAULT NULL COMMENT '其它设置（扩展字段JSON）',
  `sort` decimal(10, 0) NULL DEFAULT NULL COMMENT '排序（升序）',
  `version` int(11) NULL DEFAULT 0 COMMENT '默认0，必填，离线乐观锁',
  `description` varchar(255) CHARACTER SET utf8 COLLATE utf8_general_ci NULL DEFAULT NULL COMMENT '描述',
  `created_by` varchar(50) CHARACTER SET utf8 COLLATE utf8_general_ci NOT NULL,
  `created_date` timestamp(3) NOT NULL DEFAULT CURRENT_TIMESTAMP(3) ON UPDATE CURRENT_TIMESTAMP(3),
  `last_modified_by` varchar(50) CHARACTER SET utf8 COLLATE utf8_general_ci NULL DEFAULT NULL,
  `last_modified_date` timestamp(3) NULL DEFAULT NULL,
  `del_flag` char(1) CHARACTER SET utf8mb4 COLLATE utf8mb4_bin NULL DEFAULT '0' COMMENT '0-正常，1-删除',
  PRIMARY KEY (`id`) USING BTREE,
  INDEX `gen_table_column_table_id`(`gen_table_id`) USING BTREE,
  INDEX `gen_table_column_name`(`name`) USING BTREE,
  INDEX `gen_table_column_sort`(`sort`) USING BTREE
) ENGINE = InnoDB CHARACTER SET = utf8 COLLATE = utf8_general_ci COMMENT = '业务表字段' ROW_FORMAT = Dynamic;

-- ----------------------------
-- Table structure for sys_dept
-- ----------------------------
DROP TABLE IF EXISTS `sys_dept`;
CREATE TABLE `sys_dept`  (
  `id` varchar(32) CHARACTER SET utf8 COLLATE utf8_general_ci NOT NULL,
  `parent_id` varchar(32) CHARACTER SET utf8 COLLATE utf8_general_ci NULL DEFAULT NULL,
  `parent_ids` varchar(2000) CHARACTER SET utf8 COLLATE utf8_general_ci NULL DEFAULT NULL COMMENT '父菜单IDs',
  `name` varchar(50) CHARACTER SET utf8 COLLATE utf8_general_ci NULL DEFAULT NULL COMMENT '部门名称',
  `sort` int(11) NULL DEFAULT NULL COMMENT '排序',
  `leaf` bit(1) NULL DEFAULT b'0' COMMENT '1 叶子节点 0 非叶子节点',
  `created_by` varchar(50) CHARACTER SET utf8 COLLATE utf8_general_ci NOT NULL,
  `created_date` timestamp(3) NULL DEFAULT CURRENT_TIMESTAMP(3) COMMENT '创建时间',
  `last_modified_by` varchar(50) CHARACTER SET utf8 COLLATE utf8_general_ci NULL DEFAULT NULL,
  `last_modified_date` timestamp(3) NULL DEFAULT NULL ON UPDATE CURRENT_TIMESTAMP(3) COMMENT '修改时间',
  `version` int(11) NOT NULL,
  `description` varchar(100) CHARACTER SET utf8 COLLATE utf8_general_ci NULL DEFAULT NULL COMMENT '描述',
  `del_flag` char(1) CHARACTER SET utf8mb4 COLLATE utf8mb4_bin NULL DEFAULT '0' COMMENT '0-正常，1-删除',
  PRIMARY KEY (`id`) USING BTREE
) ENGINE = InnoDB CHARACTER SET = utf8 COLLATE = utf8_general_ci COMMENT = '部门管理' ROW_FORMAT = Dynamic;

-- ----------------------------
-- Records of sys_dept
-- ----------------------------
INSERT INTO `sys_dept` VALUES ('1', '-1', NULL, '山东农信', NULL, b'0', '', '2018-01-22 19:00:23.000', NULL, '2019-07-04 16:57:18.000', 0, '', '0');
INSERT INTO `sys_dept` VALUES ('10', '8', NULL, '院校沙县', NULL, b'0', '', '2018-12-10 21:19:26.000', NULL, '2019-06-15 10:56:41.000', 0, '', '0');
INSERT INTO `sys_dept` VALUES ('2', '-1', NULL, '沙县国际', NULL, b'0', '', '2018-01-22 19:00:38.000', NULL, '2019-07-04 16:57:22.000', 0, '', '0');
INSERT INTO `sys_dept` VALUES ('3', '1', NULL, '潍坊农信', NULL, b'0', '', '2018-01-22 19:00:44.000', NULL, '2019-06-15 10:56:41.000', 0, '', '0');
INSERT INTO `sys_dept` VALUES ('4', '3', NULL, '高新农信', 30, b'0', '', '2018-01-22 19:00:52.000', '1', '2019-07-14 09:02:57.000', 6, '', '0');
INSERT INTO `sys_dept` VALUES ('5', '4', NULL, '院校农信', 30, b'0', '', '2018-01-22 19:00:57.000', '1', '2019-07-14 09:10:44.000', 1, '', '0');
INSERT INTO `sys_dept` VALUES ('5f86e2a82b040b1f618aefc62f403024', '5', '5,', '11', 1, b'1', '1', '2019-07-14 09:10:45.000', '1', '2019-07-14 09:10:57.000', 0, NULL, '1');
INSERT INTO `sys_dept` VALUES ('6', '5', NULL, '潍院农信', NULL, b'0', '', '2018-01-22 19:01:06.000', NULL, '2019-01-09 10:58:18.000', 0, '', '0');
INSERT INTO `sys_dept` VALUES ('7', '2', NULL, '山东沙县', NULL, b'0', '', '2018-01-22 19:01:57.000', NULL, '2019-06-15 10:56:41.000', 0, '', '0');
INSERT INTO `sys_dept` VALUES ('8', '7', NULL, '潍坊沙县', NULL, b'0', '', '2018-01-22 19:02:03.000', NULL, '2019-06-15 10:56:41.000', 0, '', '0');
INSERT INTO `sys_dept` VALUES ('9', '8', NULL, '高新沙县', NULL, b'0', '', '2018-01-22 19:02:14.000', NULL, '2018-09-13 01:46:44.000', 0, '', '0');

-- ----------------------------
-- Table structure for sys_dept_relation
-- ----------------------------
DROP TABLE IF EXISTS `sys_dept_relation`;
CREATE TABLE `sys_dept_relation`  (
  `ancestor` varchar(32) CHARACTER SET latin1 COLLATE latin1_swedish_ci NOT NULL COMMENT '祖先节点',
  `descendant` varchar(32) CHARACTER SET latin1 COLLATE latin1_swedish_ci NOT NULL COMMENT '后代节点',
  PRIMARY KEY (`ancestor`, `descendant`) USING BTREE,
  INDEX `idx1`(`ancestor`) USING BTREE,
  INDEX `idx2`(`descendant`) USING BTREE
) ENGINE = InnoDB CHARACTER SET = latin1 COLLATE = latin1_swedish_ci COMMENT = '部门关系表' ROW_FORMAT = Dynamic;

-- ----------------------------
-- Records of sys_dept_relation
-- ----------------------------
INSERT INTO `sys_dept_relation` VALUES ('1', '1');
INSERT INTO `sys_dept_relation` VALUES ('1', '3');
INSERT INTO `sys_dept_relation` VALUES ('1', '4');
INSERT INTO `sys_dept_relation` VALUES ('1', '5');
INSERT INTO `sys_dept_relation` VALUES ('10', '10');
INSERT INTO `sys_dept_relation` VALUES ('11', '11');
INSERT INTO `sys_dept_relation` VALUES ('2', '11');
INSERT INTO `sys_dept_relation` VALUES ('2', '2');
INSERT INTO `sys_dept_relation` VALUES ('2', '7');
INSERT INTO `sys_dept_relation` VALUES ('2', '8');
INSERT INTO `sys_dept_relation` VALUES ('3', '3');
INSERT INTO `sys_dept_relation` VALUES ('3', '4');
INSERT INTO `sys_dept_relation` VALUES ('3', '5');
INSERT INTO `sys_dept_relation` VALUES ('4', '4');
INSERT INTO `sys_dept_relation` VALUES ('4', '5');
INSERT INTO `sys_dept_relation` VALUES ('5', '5');
INSERT INTO `sys_dept_relation` VALUES ('7', '11');
INSERT INTO `sys_dept_relation` VALUES ('7', '7');
INSERT INTO `sys_dept_relation` VALUES ('7', '8');
INSERT INTO `sys_dept_relation` VALUES ('8', '11');
INSERT INTO `sys_dept_relation` VALUES ('8', '8');

-- ----------------------------
-- Table structure for sys_dict
-- ----------------------------
DROP TABLE IF EXISTS `sys_dict`;
CREATE TABLE `sys_dict`  (
  `id` varchar(32) CHARACTER SET utf8 COLLATE utf8_general_ci NOT NULL COMMENT '编号',
  `name` varchar(100) CHARACTER SET utf8 COLLATE utf8_general_ci NOT NULL COMMENT '标签名',
  `val` varchar(100) CHARACTER SET utf8 COLLATE utf8_general_ci NULL DEFAULT NULL COMMENT '数据值',
  `code` varchar(100) CHARACTER SET utf8 COLLATE utf8_general_ci NOT NULL COMMENT '类型',
  `parent_id` varchar(32) CHARACTER SET utf8 COLLATE utf8_general_ci NULL DEFAULT NULL COMMENT '父菜单ID',
  `parent_ids` varchar(2000) CHARACTER SET utf8 COLLATE utf8_general_ci NULL DEFAULT NULL COMMENT '父菜单IDs',
  `sort` int(10) NOT NULL COMMENT '排序（升序）',
  `show` bit(1) NULL DEFAULT NULL COMMENT '是否显示1 是0否',
  `leaf` bit(1) NULL DEFAULT b'0' COMMENT '1 叶子节点 0 非叶子节点',
  `remark` varchar(255) CHARACTER SET utf8 COLLATE utf8_general_ci NULL DEFAULT NULL COMMENT '备注信息',
  `created_by` varchar(50) CHARACTER SET utf8 COLLATE utf8_general_ci NOT NULL,
  `created_date` timestamp(3) NOT NULL DEFAULT CURRENT_TIMESTAMP(3) COMMENT '创建时间',
  `last_modified_by` varchar(50) CHARACTER SET utf8 COLLATE utf8_general_ci NULL DEFAULT NULL,
  `last_modified_date` timestamp(3) NOT NULL DEFAULT CURRENT_TIMESTAMP(3) ON UPDATE CURRENT_TIMESTAMP(3) COMMENT '更新时间',
  `version` int(11) NOT NULL DEFAULT 0,
  `description` varchar(100) CHARACTER SET utf8 COLLATE utf8_general_ci NULL DEFAULT NULL COMMENT '描述',
  `del_flag` char(1) CHARACTER SET utf8mb4 COLLATE utf8mb4_bin NULL DEFAULT '0' COMMENT '0-正常，1-删除',
  PRIMARY KEY (`id`) USING BTREE,
  INDEX `sys_dict_value`(`val`) USING BTREE,
  INDEX `sys_dict_label`(`name`) USING BTREE
) ENGINE = InnoDB CHARACTER SET = utf8 COLLATE = utf8_general_ci COMMENT = '字典表' ROW_FORMAT = Dynamic;

-- ----------------------------
-- Records of sys_dict
-- ----------------------------
INSERT INTO `sys_dict` VALUES ('0b2420638683f1eec41242beb9912069', '在线', 'on_line', 'sys_online_status_on_line', 'f3592a047c466e348279983336ebaf28', '1,cfd5f62f601817a3b0f38f5ccb1f5128,f3592a047c466e348279983336ebaf28,', 30, b'1', b'1', NULL, '1', '2019-08-11 11:17:28.210', '1', '2019-08-11 11:17:28.210', 0, NULL, '0');
INSERT INTO `sys_dict` VALUES ('0da02abef85f0c0b4350eaeefb4ca78d', '仅本人数据', '4', 'sys_data_scope_4', 'aa294a48211a2deb5c7d76c5e90dc28e', '1,cfd5f62f601817a3b0f38f5ccb1f5128,aa294a48211a2deb5c7d76c5e90dc28e,', 40, b'1', b'1', NULL, '1', '2019-07-14 06:00:03.000', '1', '2019-08-09 11:26:04.724', 5, NULL, '0');
INSERT INTO `sys_dict` VALUES ('0ef7242f2bb88fdbdcbc56e7a879efb0', '其他', '0', 'sys_business_type_0', 'e0696db908c87ad57a85c6b326348dbd', '1,cfd5f62f601817a3b0f38f5ccb1f5128,e0696db908c87ad57a85c6b326348dbd,', 10, b'1', b'1', NULL, '1', '2019-08-07 16:49:39.000', '1', '2019-08-09 11:26:04.726', 3, NULL, '0');
INSERT INTO `sys_dict` VALUES ('0fdd548394368b4969136f32c435fd98', '按钮', '1', 'sys_menu_type_1', 'e26ee931e276a099fb876541ca18756f', '1,cfd5f62f601817a3b0f38f5ccb1f5128,e26ee931e276a099fb876541ca18756f,', 20, b'1', b'1', NULL, '1', '2019-07-14 06:04:44.000', '1', '2019-08-09 11:26:04.726', 4, NULL, '0');
INSERT INTO `sys_dict` VALUES ('1', '数据字典', '', 'base', '-1', NULL, 1, b'1', b'0', '', '1', '2018-07-09 06:16:14.000', '1', '2019-08-09 11:26:04.707', 11, '', '0');
INSERT INTO `sys_dict` VALUES ('2', '是否标识', '', 'sys_flag', 'cfd5f62f601817a3b0f38f5ccb1f5128', '1,cfd5f62f601817a3b0f38f5ccb1f5128,', 10, b'1', b'0', NULL, '1', '2019-06-02 17:17:44.000', '1', '2019-08-09 11:26:04.727', 17, NULL, '0');
INSERT INTO `sys_dict` VALUES ('269ebbfff898cf1db0d243e3f7774d2c', '业务数据', 'biz', 'biz', '1', '1,', 30, b'1', b'1', NULL, '1', '2019-07-14 04:01:51.000', '1', '2019-08-09 11:24:15.473', 4, NULL, '0');
INSERT INTO `sys_dict` VALUES ('2ec9dffe7cb0dea12c8e4e2a90279711', '强退', '6', 'sys_business_type_6', 'e0696db908c87ad57a85c6b326348dbd', '1,cfd5f62f601817a3b0f38f5ccb1f5128,e0696db908c87ad57a85c6b326348dbd,', 70, b'1', b'1', NULL, '1', '2019-08-07 16:52:15.681', '1', '2019-08-09 11:26:04.727', 2, NULL, '0');
INSERT INTO `sys_dict` VALUES ('3', '是', '1', 'sys_flag_yes', '2', '1,cfd5f62f601817a3b0f38f5ccb1f5128,2,', 10, b'1', b'1', '', '1', '2018-07-09 06:15:40.000', '1', '2019-08-09 11:26:04.728', 5, '', '0');
INSERT INTO `sys_dict` VALUES ('31d677b181cebb9bde79b78f32e1e8a3', '其他', '0', 'sys_operate_type_0', '6b8211aef2fec451b0398b19857443a7', '1,cfd5f62f601817a3b0f38f5ccb1f5128,6b8211aef2fec451b0398b19857443a7,', 10, b'1', b'1', NULL, '1', '2019-08-07 16:48:21.644', '1', '2019-08-09 11:26:04.730', 2, NULL, '0');
INSERT INTO `sys_dict` VALUES ('4', '否', '0', 'sys_flag_no', '2', '1,cfd5f62f601817a3b0f38f5ccb1f5128,2,', 30, b'1', b'1', NULL, '1', '2019-06-02 17:26:40.000', '1', '2019-08-09 11:26:04.732', 6, NULL, '0');
INSERT INTO `sys_dict` VALUES ('4198b5e10fe052546ebb689b4103590e', '所在机构数据', '3', 'sys_data_scope_3', 'aa294a48211a2deb5c7d76c5e90dc28e', '1,cfd5f62f601817a3b0f38f5ccb1f5128,aa294a48211a2deb5c7d76c5e90dc28e,', 30, b'1', b'1', NULL, '1', '2019-07-14 05:59:13.000', '1', '2019-08-09 11:26:04.733', 7, NULL, '0');
INSERT INTO `sys_dict` VALUES ('51828811168cd9f0ee1d118068a7d0b9', '编辑', '1', 'sys_business_type_1', 'e0696db908c87ad57a85c6b326348dbd', '1,cfd5f62f601817a3b0f38f5ccb1f5128,e0696db908c87ad57a85c6b326348dbd,', 20, b'1', b'1', NULL, '1', '2019-08-07 16:50:20.634', '1', '2019-08-09 11:26:04.733', 2, NULL, '0');
INSERT INTO `sys_dict` VALUES ('5933a853cd0199b00424d66f4b92dda3', '所在机构及以下数据', '2', 'sys_data_scope_2', 'aa294a48211a2deb5c7d76c5e90dc28e', '1,cfd5f62f601817a3b0f38f5ccb1f5128,aa294a48211a2deb5c7d76c5e90dc28e,', 20, b'1', b'1', NULL, '1', '2019-07-14 05:53:55.000', '1', '2019-08-09 11:26:04.734', 7, NULL, '0');
INSERT INTO `sys_dict` VALUES ('5f2414b2670c9a66c1d5364613caa654', '后台用户', '1', 'sys_operate_type_1', '6b8211aef2fec451b0398b19857443a7', '1,cfd5f62f601817a3b0f38f5ccb1f5128,6b8211aef2fec451b0398b19857443a7,', 20, b'1', b'1', NULL, '1', '2019-08-07 16:48:40.344', '1', '2019-08-09 11:26:04.734', 2, NULL, '0');
INSERT INTO `sys_dict` VALUES ('6b8211aef2fec451b0398b19857443a7', '操作人类别', NULL, 'sys_operator_type', 'cfd5f62f601817a3b0f38f5ccb1f5128', '1,cfd5f62f601817a3b0f38f5ccb1f5128,', 30, b'1', b'0', NULL, '1', '2019-08-07 15:37:09.613', '1', '2019-08-09 11:26:04.734', 6, NULL, '0');
INSERT INTO `sys_dict` VALUES ('6e4bba74f32df9149d69f8e9bb19cd9d', '菜单', '0', 'sys_menu_type_0', 'e26ee931e276a099fb876541ca18756f', '1,cfd5f62f601817a3b0f38f5ccb1f5128,e26ee931e276a099fb876541ca18756f,', 10, b'1', b'1', NULL, '1', '2019-07-14 06:04:10.000', '1', '2019-08-09 11:26:04.736', 4, NULL, '0');
INSERT INTO `sys_dict` VALUES ('764d1eaf8a39698fc85a7204c96e7089', '生成代码', '7', 'sys_business_type_7', 'e0696db908c87ad57a85c6b326348dbd', '1,cfd5f62f601817a3b0f38f5ccb1f5128,e0696db908c87ad57a85c6b326348dbd,', 80, b'1', b'1', NULL, '1', '2019-08-07 16:52:36.997', '1', '2019-08-09 11:26:04.739', 2, NULL, '0');
INSERT INTO `sys_dict` VALUES ('80b084e162b0a30b348a45ff29e5b326', '导出', '4', 'sys_business_type_4', 'e0696db908c87ad57a85c6b326348dbd', '1,cfd5f62f601817a3b0f38f5ccb1f5128,e0696db908c87ad57a85c6b326348dbd,', 50, b'1', b'1', NULL, '1', '2019-08-07 16:51:33.286', '1', '2019-08-09 11:26:04.739', 2, NULL, '0');
INSERT INTO `sys_dict` VALUES ('8153bd2af73b6d59eed9f34d2bc05bb9', '删除', '3', 'sys_business_type_3', 'e0696db908c87ad57a85c6b326348dbd', '1,cfd5f62f601817a3b0f38f5ccb1f5128,e0696db908c87ad57a85c6b326348dbd,', 40, b'1', b'1', NULL, '1', '2019-08-07 16:50:45.270', '1', '2019-08-09 11:26:04.740', 2, NULL, '0');
INSERT INTO `sys_dict` VALUES ('8883abe4dcf9390df69a5740050abf74', '离线', 'off_line', 'sys_online_status_off_line', 'f3592a047c466e348279983336ebaf28', '1,cfd5f62f601817a3b0f38f5ccb1f5128,f3592a047c466e348279983336ebaf28,', 30, b'1', b'1', NULL, '1', '2019-08-11 11:17:50.132', '1', '2019-08-11 11:17:50.132', 0, NULL, '0');
INSERT INTO `sys_dict` VALUES ('8c4589d0a32c9b84b6254507354a195b', 'test', 'test', 'test', '-1', NULL, 30, b'1', b'1', NULL, '1', '2019-07-14 03:59:38.000', '1', '2019-07-14 04:00:28.000', 0, NULL, '1');
INSERT INTO `sys_dict` VALUES ('a5dfce34bdb7aa99560e8c0d393a632f', '全部', '1', 'sys_data_scope_1', 'aa294a48211a2deb5c7d76c5e90dc28e', '1,cfd5f62f601817a3b0f38f5ccb1f5128,aa294a48211a2deb5c7d76c5e90dc28e,', 10, b'1', b'1', NULL, '1', '2019-07-14 05:52:44.000', '1', '2019-08-09 11:26:04.740', 7, NULL, '0');
INSERT INTO `sys_dict` VALUES ('aa294a48211a2deb5c7d76c5e90dc28e', '数据范围', '', 'sys_data_scope', 'cfd5f62f601817a3b0f38f5ccb1f5128', '1,cfd5f62f601817a3b0f38f5ccb1f5128,', 30, b'1', b'0', NULL, '1', '2019-07-14 05:50:08.000', '1', '2019-08-09 11:26:04.741', 16, NULL, '0');
INSERT INTO `sys_dict` VALUES ('b672448a74c1d1a47eb1378e3d8c6dc9', '导入', '5', 'sys_business_type_5', 'e0696db908c87ad57a85c6b326348dbd', '1,cfd5f62f601817a3b0f38f5ccb1f5128,e0696db908c87ad57a85c6b326348dbd,', 60, b'1', b'1', NULL, '1', '2019-08-07 16:51:45.855', '1', '2019-08-09 11:26:04.741', 2, NULL, '0');
INSERT INTO `sys_dict` VALUES ('c46ec99af2c1f967bf10cf2c0d96a6c5', '按明细设置', '5', 'sys_data_scope_5', 'aa294a48211a2deb5c7d76c5e90dc28e', '1,cfd5f62f601817a3b0f38f5ccb1f5128,aa294a48211a2deb5c7d76c5e90dc28e,', 50, b'1', b'1', NULL, '1', '2019-07-14 06:01:11.000', '1', '2019-08-09 11:26:04.741', 5, NULL, '0');
INSERT INTO `sys_dict` VALUES ('cfd5f62f601817a3b0f38f5ccb1f5128', '系统数据', 'sys', 'sys', '1', '1,', 30, b'1', b'0', NULL, '1', '2019-07-14 01:13:12.000', '1', '2019-08-11 11:16:52.087', 19, NULL, '0');
INSERT INTO `sys_dict` VALUES ('e0696db908c87ad57a85c6b326348dbd', '业务操作类型', NULL, 'sys_business_type', 'cfd5f62f601817a3b0f38f5ccb1f5128', '1,cfd5f62f601817a3b0f38f5ccb1f5128,', 30, b'1', b'0', NULL, '1', '2019-08-07 15:33:35.000', '1', '2019-08-09 11:26:04.742', 17, NULL, '0');
INSERT INTO `sys_dict` VALUES ('e26ee931e276a099fb876541ca18756f', '菜单类型', '', 'sys_menu_type', 'cfd5f62f601817a3b0f38f5ccb1f5128', '1,cfd5f62f601817a3b0f38f5ccb1f5128,', 30, b'1', b'0', NULL, '1', '2019-07-14 06:01:48.000', '1', '2019-08-09 11:26:04.744', 8, NULL, '0');
INSERT INTO `sys_dict` VALUES ('e7891a6351a2e143899849b2955851b2', '锁定', '2', 'sys_business_type_2', 'e0696db908c87ad57a85c6b326348dbd', '1,cfd5f62f601817a3b0f38f5ccb1f5128,e0696db908c87ad57a85c6b326348dbd,', 30, b'1', b'1', NULL, '1', '2019-08-07 16:50:32.457', '1', '2019-08-09 11:26:04.746', 2, NULL, '0');
INSERT INTO `sys_dict` VALUES ('ef0368c6fd52ee8f1f4270869da00f18', 'tab按钮', '2', 'sys_menu_type_2', 'e26ee931e276a099fb876541ca18756f', '1,cfd5f62f601817a3b0f38f5ccb1f5128,e26ee931e276a099fb876541ca18756f,', 30, b'1', b'1', NULL, '1', '2019-08-07 13:55:24.531', '1', '2019-08-09 11:26:04.746', 4, NULL, '0');
INSERT INTO `sys_dict` VALUES ('f3592a047c466e348279983336ebaf28', '在线状态', NULL, 'sys_online_status', 'cfd5f62f601817a3b0f38f5ccb1f5128', '1,cfd5f62f601817a3b0f38f5ccb1f5128,', 30, b'1', b'0', NULL, '1', '2019-08-11 11:16:52.095', '1', '2019-08-11 11:17:50.128', 2, NULL, '0');
INSERT INTO `sys_dict` VALUES ('f83a718756762758707c67db3d271c9d', '手机端用户', '2', 'sys_operate_type_2', '6b8211aef2fec451b0398b19857443a7', '1,cfd5f62f601817a3b0f38f5ccb1f5128,6b8211aef2fec451b0398b19857443a7,', 30, b'1', b'1', NULL, '1', '2019-08-07 16:49:00.766', '1', '2019-08-09 11:26:04.746', 2, NULL, '0');

-- ----------------------------
-- Table structure for sys_log_operate
-- ----------------------------
DROP TABLE IF EXISTS `sys_log_operate`;
CREATE TABLE `sys_log_operate`  (
  `id` bigint(64) NOT NULL AUTO_INCREMENT COMMENT '编号',
  `title` varchar(255) CHARACTER SET utf8 COLLATE utf8_general_ci NULL DEFAULT '' COMMENT '日志标题',
  `username` varchar(255) CHARACTER SET utf8 COLLATE utf8_general_ci NULL DEFAULT NULL COMMENT '用户名',
  `service_id` varchar(32) CHARACTER SET utf8 COLLATE utf8_general_ci NULL DEFAULT NULL COMMENT '服务ID',
  `ip_address` varchar(255) CHARACTER SET utf8 COLLATE utf8_general_ci NULL DEFAULT NULL COMMENT 'IP地址',
  `ip_location` varchar(255) CHARACTER SET utf8mb4 COLLATE utf8mb4_general_ci NULL DEFAULT '' COMMENT '登录地点',
  `browser` varchar(50) CHARACTER SET utf8mb4 COLLATE utf8mb4_general_ci NULL DEFAULT '' COMMENT '浏览器类型',
  `os` varchar(50) CHARACTER SET utf8mb4 COLLATE utf8mb4_general_ci NULL DEFAULT '' COMMENT '操作系统',
  `user_agent` varchar(1000) CHARACTER SET utf8 COLLATE utf8_general_ci NULL DEFAULT NULL COMMENT '用户代理',
  `request_uri` varchar(255) CHARACTER SET utf8 COLLATE utf8_general_ci NULL DEFAULT NULL COMMENT '请求URI',
  `method` varchar(10) CHARACTER SET utf8 COLLATE utf8_general_ci NULL DEFAULT NULL COMMENT '操作方式',
  `params` text CHARACTER SET utf8 COLLATE utf8_general_ci NULL COMMENT '操作提交的数据',
  `time` mediumtext CHARACTER SET utf8 COLLATE utf8_general_ci NULL COMMENT '执行时间',
  `operator_type` int(1) NULL DEFAULT 0 COMMENT '操作类别（0其它 1后台用户 2手机端用户）',
  `business_type` int(2) NULL DEFAULT 0 COMMENT '业务类型（0其它 1新增 2修改 3删除）',
  `exception` text CHARACTER SET utf8 COLLATE utf8_general_ci NULL COMMENT '异常信息',
  `created_by` varchar(64) CHARACTER SET utf8 COLLATE utf8_general_ci NULL DEFAULT NULL COMMENT '创建者',
  `created_date` timestamp(3) NULL DEFAULT CURRENT_TIMESTAMP(3) COMMENT '创建时间',
  `description` varchar(100) CHARACTER SET utf8 COLLATE utf8_general_ci NULL DEFAULT NULL COMMENT '描述',
  `del_flag` char(1) CHARACTER SET utf8mb4 COLLATE utf8mb4_bin NULL DEFAULT '0' COMMENT '0-正常，1-删除',
  PRIMARY KEY (`id`) USING BTREE,
  INDEX `sys_log_create_by`(`created_by`) USING BTREE,
  INDEX `sys_log_request_uri`(`request_uri`) USING BTREE,
  INDEX `sys_log_create_date`(`created_date`) USING BTREE
) ENGINE = InnoDB AUTO_INCREMENT = 257 CHARACTER SET = utf8 COLLATE = utf8_general_ci COMMENT = '日志表' ROW_FORMAT = Dynamic;

-- ----------------------------
-- Table structure for sys_menu
-- ----------------------------
DROP TABLE IF EXISTS `sys_menu`;
CREATE TABLE `sys_menu`  (
  `id` varchar(32) CHARACTER SET utf8 COLLATE utf8_general_ci NOT NULL COMMENT '菜单ID',
  `name` varchar(32) CHARACTER SET utf8 COLLATE utf8_general_ci NOT NULL COMMENT '菜单名称',
  `permission` varchar(32) CHARACTER SET utf8 COLLATE utf8_general_ci NULL DEFAULT NULL COMMENT '菜单权限标识',
  `path` varchar(128) CHARACTER SET utf8 COLLATE utf8_general_ci NULL DEFAULT NULL COMMENT '前端URL',
  `parent_id` varchar(32) CHARACTER SET utf8 COLLATE utf8_general_ci NULL DEFAULT NULL COMMENT '父菜单ID',
  `parent_ids` varchar(2000) CHARACTER SET utf8 COLLATE utf8_general_ci NULL DEFAULT NULL COMMENT '父菜单IDs',
  `icon` varchar(32) CHARACTER SET utf8 COLLATE utf8_general_ci NULL DEFAULT NULL COMMENT '图标',
  `component` varchar(64) CHARACTER SET utf8 COLLATE utf8_general_ci NULL DEFAULT NULL COMMENT 'VUE页面',
  `keep_alive` char(1) CHARACTER SET utf8 COLLATE utf8_general_ci NULL DEFAULT '0' COMMENT '是否显示1 是0否',
  `show` char(1) CHARACTER SET utf8 COLLATE utf8_general_ci NULL DEFAULT '0' COMMENT '是否显示1 是0否',
  `type` char(1) CHARACTER SET utf8 COLLATE utf8_general_ci NULL DEFAULT NULL COMMENT '菜单类型 （0菜单 1按钮）',
  `leaf` bit(1) NULL DEFAULT b'0' COMMENT '1 叶子节点 0 非叶子节点',
  `sort` int(11) NULL DEFAULT 1 COMMENT '排序值',
  `created_by` varchar(50) CHARACTER SET utf8 COLLATE utf8_general_ci NOT NULL,
  `created_date` timestamp(3) NULL DEFAULT CURRENT_TIMESTAMP(3) COMMENT '创建时间',
  `last_modified_by` varchar(50) CHARACTER SET utf8 COLLATE utf8_general_ci NULL DEFAULT NULL,
  `last_modified_date` timestamp(3) NULL DEFAULT NULL ON UPDATE CURRENT_TIMESTAMP(3) COMMENT '更新时间',
  `description` varchar(255) CHARACTER SET utf8 COLLATE utf8_general_ci NULL DEFAULT NULL COMMENT '描述',
  `version` int(11) NOT NULL,
  `del_flag` char(1) CHARACTER SET utf8mb4 COLLATE utf8mb4_bin NULL DEFAULT '0' COMMENT '0-正常，1-删除',
  PRIMARY KEY (`id`) USING BTREE
) ENGINE = InnoDB CHARACTER SET = utf8 COLLATE = utf8_general_ci COMMENT = '菜单权限表' ROW_FORMAT = Dynamic;

-- ----------------------------
-- Records of sys_menu
-- ----------------------------
INSERT INTO `sys_menu` VALUES ('06874adacf1f272be7928badd4fe8ed1', '配置日志', NULL, 'log', 'ef2382c0cc2d99ee73444e684237a88a', 'ef2382c0cc2d99ee73444e684237a88a,', 'icon-read', 'views/admin/log/index', '0', '1', '0', b'1', 30, '1', '2019-08-05 16:16:06.000', '1', '2019-08-05 16:17:17.483', NULL, 1, '0');
INSERT INTO `sys_menu` VALUES ('0d0be247863fcbf08b3db943e5f45992', '在线用户查看', 'sys_userOnline_view', NULL, '6e3f89cda84ac2c6e715e7812c102ae8', 'ef2382c0cc2d99ee73444e684237a88a,6e3f89cda84ac2c6e715e7812c102ae8,', NULL, NULL, '0', '1', '1', b'1', 30, '1', '2019-08-07 09:05:28.000', '1', '2019-08-07 09:05:58.473', NULL, 1, '0');
INSERT INTO `sys_menu` VALUES ('1000', '权限管理', NULL, '/upms', '-1', NULL, 'icon-quanxianguanli', 'Layout', '0', '1', '0', b'0', 10, '', '2018-09-28 08:29:53.000', '1', '2019-08-11 10:42:49.232', NULL, 9, '0');
INSERT INTO `sys_menu` VALUES ('1100', '用户管理', NULL, 'user', '1000', '1000,', 'icon-yonghuguanli', 'views/sys/user/index', '0', '1', '0', b'0', 1, '', '2017-11-02 22:24:37.000', '1', '2019-08-09 10:55:47.702', NULL, 7, '0');
INSERT INTO `sys_menu` VALUES ('1101', '用户编辑', 'sys_user_edit', NULL, '1100', NULL, NULL, NULL, '0', '1', '1', b'0', 30, '', '2017-11-08 09:52:09.000', NULL, '2019-08-08 13:23:14.225', NULL, 0, '0');
INSERT INTO `sys_menu` VALUES ('1102', '用户锁定', 'sys_user_lock', NULL, '1100', NULL, NULL, NULL, '0', '1', '1', b'0', 30, '', '2017-11-08 09:52:48.000', NULL, '2019-08-08 13:23:14.228', NULL, 0, '0');
INSERT INTO `sys_menu` VALUES ('1103', '用户删除', 'sys_user_del', NULL, '1100', NULL, NULL, NULL, '0', '1', '1', b'0', 30, '', '2017-11-08 09:54:01.000', NULL, '2019-08-08 13:23:14.231', NULL, 0, '0');
INSERT INTO `sys_menu` VALUES ('1200', '菜单管理', NULL, 'menu', '1000', '1000,', 'icon-caidanguanli', 'views/sys/menu/index', '0', '1', '0', b'0', 2, '', '2017-11-08 09:57:27.000', '1', '2019-08-09 10:57:24.053', NULL, 3, '0');
INSERT INTO `sys_menu` VALUES ('1201', '菜单编辑', 'sys_menu_edit', NULL, '1200', NULL, NULL, NULL, '0', '1', '1', b'0', 30, '', '2017-11-08 10:15:53.000', NULL, '2019-08-08 13:23:14.233', NULL, 0, '0');
INSERT INTO `sys_menu` VALUES ('1202', '菜单锁定', 'sys_menu_lock', NULL, '1200', NULL, NULL, NULL, '0', '1', '1', b'0', 30, '', '2017-11-08 10:16:23.000', NULL, '2019-08-08 13:23:14.235', NULL, 0, '0');
INSERT INTO `sys_menu` VALUES ('1203', '菜单删除', 'sys_menu_del', NULL, '1200', NULL, NULL, NULL, '0', '1', '1', b'0', 30, '', '2017-11-08 10:16:43.000', NULL, '2019-08-08 13:23:14.238', NULL, 0, '0');
INSERT INTO `sys_menu` VALUES ('1300', '角色管理', NULL, 'role', '1000', '1000,', 'icon-jiaoseguanli', 'views/sys/role/index', '0', '1', '0', b'0', 3, '', '2017-11-08 10:13:37.000', '1', '2019-08-07 17:28:17.000', NULL, 2, '0');
INSERT INTO `sys_menu` VALUES ('1301', '角色编辑', 'sys_role_edit', NULL, '1300', NULL, NULL, NULL, '0', '1', '1', b'0', 30, '', '2017-11-08 10:14:18.000', NULL, '2019-08-08 13:23:14.241', NULL, 0, '0');
INSERT INTO `sys_menu` VALUES ('1302', '角色锁定', 'sys_role_lock', NULL, '1300', NULL, NULL, NULL, '0', '1', '1', b'0', 30, '', '2017-11-08 10:14:41.000', NULL, '2019-08-08 13:23:14.243', NULL, 0, '0');
INSERT INTO `sys_menu` VALUES ('1303', '角色删除', 'sys_role_del', NULL, '1300', NULL, NULL, NULL, '0', '1', '1', b'0', 30, '', '2017-11-08 10:14:59.000', NULL, '2019-08-08 13:23:14.245', NULL, 0, '0');
INSERT INTO `sys_menu` VALUES ('1304', '角色查看', 'sys_role_view', NULL, '1300', '1300,', NULL, NULL, '0', '1', '1', b'1', 30, '', '2018-04-20 07:22:55.000', '1', '2019-08-07 17:28:17.093', NULL, 1, '0');
INSERT INTO `sys_menu` VALUES ('13093fb658c1806ad5bd0600316158f2', '操作日志导出', 'sys_logOperate_export', NULL, '2100', '2000,2100,', NULL, NULL, '0', '1', '1', b'1', 30, '1', '2019-08-07 17:50:46.973', '1', '2019-08-08 15:06:52.841', NULL, 1, '0');
INSERT INTO `sys_menu` VALUES ('1400', '部门管理', NULL, 'dept', '1000', NULL, 'icon-web-icon-', 'views/sys/dept/index', '0', '1', '0', b'0', 4, '', '2018-01-20 13:17:19.000', NULL, '2019-07-26 13:36:40.740', NULL, 0, '0');
INSERT INTO `sys_menu` VALUES ('1401', '部门编辑', 'sys_dept_edit', NULL, '1400', NULL, NULL, NULL, '0', '1', '1', b'0', 30, '', '2018-01-20 14:56:16.000', NULL, '2019-08-08 13:23:14.247', NULL, 0, '0');
INSERT INTO `sys_menu` VALUES ('1402', '部门锁定', 'sys_dept_lock', NULL, '1400', NULL, NULL, NULL, '0', '1', '1', b'0', 30, '', '2018-01-20 14:56:59.000', NULL, '2019-08-08 13:23:14.249', NULL, 0, '0');
INSERT INTO `sys_menu` VALUES ('1403', '部门删除', 'sys_dept_del', NULL, '1400', NULL, NULL, NULL, '0', '1', '1', b'0', 30, '', '2018-01-20 14:57:28.000', NULL, '2019-08-08 13:23:14.251', NULL, 0, '0');
INSERT INTO `sys_menu` VALUES ('1a900c3f10ef5b0987e0a8ee4445316d', '用户查看', 'sys_user_view', NULL, '1100', '1000,1100,', NULL, NULL, '0', '1', '1', b'1', 10, '1', '2019-08-07 17:27:34.000', '1', '2019-08-09 10:55:47.709', NULL, 3, '0');
INSERT INTO `sys_menu` VALUES ('2000', '系统管理', NULL, '/sys', '-1', NULL, 'icon-xitongguanli', 'Layout', '0', '1', '0', b'0', 20, '', '2017-11-07 20:56:00.000', '1', '2019-08-11 10:43:23.966', NULL, 9, '0');
INSERT INTO `sys_menu` VALUES ('2100', '操作日志', NULL, 'log-operate', '2000', '2000,', 'icon-rizhiguanli', 'views/sys/log-operate/index', '0', '1', '0', b'0', 5, '', '2017-11-20 14:06:22.000', '1', '2019-08-08 15:06:52.834', NULL, 5, '0');
INSERT INTO `sys_menu` VALUES ('2101', '操作日志删除', 'sys_logOperate_del', NULL, '2100', '2000,2100,', NULL, NULL, '0', '1', '1', b'1', 30, '', '2017-11-20 20:37:37.000', '1', '2019-08-08 15:06:52.843', NULL, 2, '0');
INSERT INTO `sys_menu` VALUES ('2200', '字典管理', NULL, 'dict', '2000', NULL, 'icon-navicon-zdgl', 'views/sys/dict/index', '0', '1', '0', b'0', 6, '', '2017-11-29 11:30:52.000', NULL, '2019-07-26 13:36:48.667', NULL, 0, '0');
INSERT INTO `sys_menu` VALUES ('2201', '字典删除', 'sys_dict_del', NULL, '2200', NULL, NULL, NULL, '0', '1', '1', b'0', 30, '', '2017-11-29 11:30:11.000', NULL, '2019-08-08 13:23:14.253', NULL, 0, '0');
INSERT INTO `sys_menu` VALUES ('2202', '字典编辑', 'sys_dict_edit', NULL, '2200', NULL, NULL, NULL, '0', '1', '1', b'0', 30, '', '2018-05-11 22:34:55.000', NULL, '2019-08-08 13:23:14.256', NULL, 0, '0');
INSERT INTO `sys_menu` VALUES ('247071d42ff40267c8d8c44eac92da67', '生成方案', NULL, 'scheme', '413892fe8d52c1163d6659f51299dc96', '413892fe8d52c1163d6659f51299dc96,', 'icon-appstore', 'views/gen/scheme/index', '0', '1', '0', b'0', 40, '1', '2019-07-21 13:27:35.000', '1', '2019-08-11 09:20:09.072', NULL, 18, '0');
INSERT INTO `sys_menu` VALUES ('2500', '服务接口', NULL, 'http://localhost:8061/swagger-ui.html', 'ef2382c0cc2d99ee73444e684237a88a', 'ef2382c0cc2d99ee73444e684237a88a,', 'icon-server', NULL, '0', '1', '0', b'1', 500, '', '2018-06-26 10:50:32.000', '1', '2019-08-08 17:06:04.472', NULL, 5, '0');
INSERT INTO `sys_menu` VALUES ('2600', '令牌管理', NULL, 'persistent-token', '2000', '2000,', 'icon-denglvlingpai', 'views/sys/persistent-token/index', '0', '1', '0', b'0', 11, '', '2018-09-04 05:58:41.000', '1', '2019-08-08 15:06:43.156', NULL, 5, '0');
INSERT INTO `sys_menu` VALUES ('2601', '令牌删除', 'sys_persistentToken_del', NULL, '2600', '2600,', NULL, NULL, '0', '1', '1', b'1', 1, '', '2018-09-04 05:59:50.000', '1', '2019-08-08 15:06:43.169', NULL, 3, '0');
INSERT INTO `sys_menu` VALUES ('2836ced373377be75936827ecddf7fad', '测试树管理编辑', 'test_testTreeBook_edit', NULL, '8d3517427e527df11d51da528261c915', NULL, NULL, NULL, '0', '1', '1', b'0', 40, '1', '2019-08-11 14:32:06.856', '1', '2019-08-11 14:43:59.833', NULL, 0, '1');
INSERT INTO `sys_menu` VALUES ('2af0268f695b79abdf6e8b10d559d081', '测试树管理删除', 'test_testTreeBook_del', NULL, '8d3517427e527df11d51da528261c915', NULL, NULL, NULL, '0', '1', '1', b'0', 80, '1', '2019-08-11 14:32:06.859', '1', '2019-08-11 14:44:03.802', NULL, 0, '1');
INSERT INTO `sys_menu` VALUES ('34dae0db3f9c97482d598f964bd4c9c7', '配置管理', NULL, 'configuration', 'ef2382c0cc2d99ee73444e684237a88a', 'ef2382c0cc2d99ee73444e684237a88a,', 'icon-slack', 'views/admin/configuration/index', '0', '1', '0', b'1', 50, '1', '2019-08-05 17:46:50.000', '1', '2019-08-05 17:47:28.719', NULL, 1, '0');
INSERT INTO `sys_menu` VALUES ('413892fe8d52c1163d6659f51299dc96', '代码生成', NULL, '/gen', '-1', NULL, 'icon-weibiaoti46', 'Layout', '0', '1', '0', b'0', 100, '1', '2019-07-20 12:00:48.000', '1', '2019-08-11 08:49:50.093', NULL, 21, '0');
INSERT INTO `sys_menu` VALUES ('52715698214e88cb09fa4dd1ea5ad348', '生成方案菜单', 'gen_scheme_menu', NULL, '247071d42ff40267c8d8c44eac92da67', '413892fe8d52c1163d6659f51299dc96,247071d42ff40267c8d8c44eac92da67,', NULL, NULL, '0', '1', '1', b'1', 30, '1', '2019-07-25 13:03:03.000', '1', '2019-08-11 09:20:09.081', NULL, 6, '0');
INSERT INTO `sys_menu` VALUES ('6e3f89cda84ac2c6e715e7812c102ae8', '在线用户', '', 'online-user', 'ef2382c0cc2d99ee73444e684237a88a', 'ef2382c0cc2d99ee73444e684237a88a,', 'icon-team', 'views/admin/online-user/index', '0', '1', '0', b'0', 30, '1', '2019-08-07 09:03:52.000', '1', '2019-08-11 10:57:51.498', NULL, 5, '0');
INSERT INTO `sys_menu` VALUES ('7b14af9e9fbff286856338a194422b07', '令牌查看', 'sys_persistentToken_view', NULL, '2600', '2600,', NULL, NULL, '0', '1', '1', b'1', 30, '1', '2019-08-08 09:44:25.617', '1', '2019-08-08 15:06:43.172', NULL, 1, '0');
INSERT INTO `sys_menu` VALUES ('8d3517427e527df11d51da528261c915', '测试树管理', NULL, 'test-tree-book', '413892fe8d52c1163d6659f51299dc96', NULL, 'icon-right-square', 'views/test/test-tree-book/index', '0', '1', '0', b'0', 30, '1', '2019-08-11 14:32:06.849', '1', '2019-08-11 14:44:10.280', NULL, 0, '1');
INSERT INTO `sys_menu` VALUES ('92f78825551a22fa130c03066f398448', '在线用户删除', 'sys_userOnline_del', NULL, '6e3f89cda84ac2c6e715e7812c102ae8', 'ef2382c0cc2d99ee73444e684237a88a,6e3f89cda84ac2c6e715e7812c102ae8,', NULL, NULL, '0', '1', '1', b'1', 30, '1', '2019-08-07 09:06:33.448', '1', '2019-08-07 09:06:33.448', NULL, 0, '0');
INSERT INTO `sys_menu` VALUES ('94b57a562063d103423e2c6125cb30ad', '菜单查看', 'sys_menu_view', NULL, '1200', '1200,', NULL, NULL, '0', '1', '1', b'1', 30, '1', '2019-08-07 17:27:59.697', '1', '2019-08-09 10:57:24.065', NULL, 1, '0');
INSERT INTO `sys_menu` VALUES ('97722c6d56c8b9990cc3c1a6eea3d6bb', '业务表编辑', 'gen_table_edit', 'edit', 'a18b33e15bde209a3c9115517c56d9ec', '413892fe8d52c1163d6659f51299dc96,a18b33e15bde209a3c9115517c56d9ec,', NULL, 'views/gen/table/edit', '0', '1', '2', b'1', 30, '1', '2019-07-21 13:24:02.000', '1', '2019-08-08 15:21:18.115', NULL, 5, '0');
INSERT INTO `sys_menu` VALUES ('a18b33e15bde209a3c9115517c56d9ec', '业务表', '', 'table', '413892fe8d52c1163d6659f51299dc96', '413892fe8d52c1163d6659f51299dc96,', 'icon-table', 'views/gen/table/index', '0', '1', '0', b'0', 30, '1', '2019-07-20 12:02:02.000', '1', '2019-08-11 08:47:39.824', NULL, 17, '0');
INSERT INTO `sys_menu` VALUES ('b961670cbf3454f5927c4bd2a327e915', '生成方案删除', 'gen_scheme_del', NULL, '247071d42ff40267c8d8c44eac92da67', '413892fe8d52c1163d6659f51299dc96,247071d42ff40267c8d8c44eac92da67,', NULL, NULL, '0', '1', '1', b'1', 30, '1', '2019-07-21 13:30:18.000', '1', '2019-08-11 08:50:09.304', NULL, 6, '0');
INSERT INTO `sys_menu` VALUES ('bb9dd4b7a2a462193d0f01517308f812', '业务表查看', 'gen_table_view', NULL, 'a18b33e15bde209a3c9115517c56d9ec', '413892fe8d52c1163d6659f51299dc96,a18b33e15bde209a3c9115517c56d9ec,', NULL, NULL, '0', '1', '1', b'1', 30, '1', '2019-08-11 08:47:39.828', '1', '2019-08-11 08:47:39.828', NULL, 0, '0');
INSERT INTO `sys_menu` VALUES ('bd62904371247f56594741ff8e9bded9', '用户管理导入', 'sys_user_import', NULL, '1100', '1000,1100,', NULL, NULL, '0', '1', '1', b'1', 80, '1', '2019-08-07 17:50:02.000', '1', '2019-08-09 10:55:47.711', NULL, 3, '0');
INSERT INTO `sys_menu` VALUES ('c0ba37c10abaecd89a738c5cf2a2fd24', '服务状态', NULL, 'health', 'ef2382c0cc2d99ee73444e684237a88a', 'ef2382c0cc2d99ee73444e684237a88a,', 'icon-boxplot', 'views/admin/health/index', '0', '1', '0', b'1', 40, '1', '2019-08-05 17:21:10.000', '1', '2019-08-05 17:23:22.745', NULL, 2, '0');
INSERT INTO `sys_menu` VALUES ('caaec41413c5713c6f290efe08c11415', '生成方案查看', 'gen_scheme_view', NULL, '247071d42ff40267c8d8c44eac92da67', '413892fe8d52c1163d6659f51299dc96,247071d42ff40267c8d8c44eac92da67,', NULL, NULL, '0', '1', '1', b'1', 30, '1', '2019-08-11 08:48:09.000', '1', '2019-08-11 08:50:16.065', NULL, 3, '0');
INSERT INTO `sys_menu` VALUES ('d4c16faad8f883650a3a8eab829ebad9', '操作日志查看', 'sys_logOperate_view', NULL, '2100', '2000,2100,', NULL, NULL, '0', '1', '1', b'1', 30, '1', '2019-08-07 17:51:38.454', '1', '2019-08-08 15:06:52.844', NULL, 1, '0');
INSERT INTO `sys_menu` VALUES ('e086c4aa4943a883b29cf94680608b89', '生成方案代码', 'gen_scheme_code', NULL, '247071d42ff40267c8d8c44eac92da67', '413892fe8d52c1163d6659f51299dc96,247071d42ff40267c8d8c44eac92da67,', NULL, NULL, '0', '1', '1', b'1', 30, '1', '2019-08-11 08:55:37.000', '1', '2019-08-11 09:19:50.418', NULL, 1, '0');
INSERT INTO `sys_menu` VALUES ('e590df103d3382d3091eae818f68626b', '测试树管理查看', 'test_testTreeBook_view', NULL, '8d3517427e527df11d51da528261c915', NULL, NULL, NULL, '0', '1', '1', b'0', 20, '1', '2019-08-11 14:32:06.853', '1', '2019-08-11 14:44:05.503', NULL, 0, '1');
INSERT INTO `sys_menu` VALUES ('e5ea38c1f97dee0043e78f3fb27b25d6', '生成方案编辑', 'gen_scheme_edit', NULL, '247071d42ff40267c8d8c44eac92da67', '413892fe8d52c1163d6659f51299dc96,247071d42ff40267c8d8c44eac92da67,', NULL, NULL, '0', '1', '1', b'1', 30, '1', '2019-07-21 13:29:14.000', '1', '2019-08-05 15:54:01.914', NULL, 4, '0');
INSERT INTO `sys_menu` VALUES ('e710a66583fe0e324492462adb16014e', '业务表删除', 'gen_table_del', NULL, 'a18b33e15bde209a3c9115517c56d9ec', '413892fe8d52c1163d6659f51299dc96,a18b33e15bde209a3c9115517c56d9ec,', NULL, NULL, '0', '1', '1', b'1', 30, '1', '2019-07-21 13:24:45.000', '1', '2019-07-25 13:32:11.051', NULL, 1, '0');
INSERT INTO `sys_menu` VALUES ('ef2382c0cc2d99ee73444e684237a88a', '资源管理', NULL, '/admin', '-1', NULL, 'icon-barchart', 'Layout', '0', '1', '0', b'0', 30, '1', '2019-08-05 15:58:12.000', '1', '2019-08-08 17:06:04.464', NULL, 16, '0');
INSERT INTO `sys_menu` VALUES ('f15e2186907d22765cd149a94905842a', '在线用户强退', 'sys_userOnline_logout', NULL, '6e3f89cda84ac2c6e715e7812c102ae8', 'ef2382c0cc2d99ee73444e684237a88a,6e3f89cda84ac2c6e715e7812c102ae8,', NULL, NULL, '0', '1', '1', b'1', 30, '1', '2019-08-11 10:57:51.502', '1', '2019-08-11 10:57:51.502', NULL, 0, '0');

-- ----------------------------
-- Table structure for sys_persistent_audit_event
-- ----------------------------
DROP TABLE IF EXISTS `sys_persistent_audit_event`;
CREATE TABLE `sys_persistent_audit_event`  (
  `event_id` bigint(20) NOT NULL AUTO_INCREMENT,
  `principal` varchar(50) CHARACTER SET utf8 COLLATE utf8_general_ci NOT NULL,
  `event_date` timestamp(0) NULL DEFAULT NULL,
  `event_type` varchar(255) CHARACTER SET utf8 COLLATE utf8_general_ci NULL DEFAULT NULL,
  PRIMARY KEY (`event_id`) USING BTREE,
  INDEX `idx_persistent_audit_event`(`principal`, `event_date`) USING BTREE
) ENGINE = InnoDB AUTO_INCREMENT = 834 CHARACTER SET = utf8 COLLATE = utf8_general_ci ROW_FORMAT = Compact;

-- ----------------------------
-- Table structure for sys_persistent_audit_event_data
-- ----------------------------
DROP TABLE IF EXISTS `sys_persistent_audit_event_data`;
CREATE TABLE `sys_persistent_audit_event_data`  (
  `event_id` bigint(20) NOT NULL,
  `name` varchar(150) CHARACTER SET utf8 COLLATE utf8_general_ci NOT NULL,
  `value` varchar(255) CHARACTER SET utf8 COLLATE utf8_general_ci NULL DEFAULT NULL,
  PRIMARY KEY (`event_id`, `name`) USING BTREE,
  INDEX `idx_persistent_audit_evt_data`(`event_id`) USING BTREE,
  CONSTRAINT `sys_persistent_audit_event_data_ibfk_1` FOREIGN KEY (`event_id`) REFERENCES `sys_persistent_audit_event` (`event_id`) ON DELETE RESTRICT ON UPDATE RESTRICT
) ENGINE = InnoDB CHARACTER SET = utf8 COLLATE = utf8_general_ci ROW_FORMAT = Compact;

-- ----------------------------
-- Table structure for sys_persistent_token
-- ----------------------------
DROP TABLE IF EXISTS `sys_persistent_token`;
CREATE TABLE `sys_persistent_token`  (
  `series` varchar(76) CHARACTER SET utf8 COLLATE utf8_general_ci NOT NULL,
  `user_id` varchar(32) CHARACTER SET utf8 COLLATE utf8_general_ci NULL DEFAULT NULL,
  `username` varchar(255) CHARACTER SET utf8 COLLATE utf8_general_ci NULL DEFAULT NULL COMMENT '用户名',
  `token_value` varchar(76) CHARACTER SET utf8 COLLATE utf8_general_ci NOT NULL,
  `token_date` timestamp(3) NULL DEFAULT NULL,
  `ip_address` varchar(39) CHARACTER SET utf8 COLLATE utf8_general_ci NULL DEFAULT NULL,
  `user_agent` varchar(255) CHARACTER SET utf8 COLLATE utf8_general_ci NULL DEFAULT NULL,
  `login_location` varchar(255) CHARACTER SET utf8mb4 COLLATE utf8mb4_general_ci NULL DEFAULT '' COMMENT '登录地点',
  `browser` varchar(50) CHARACTER SET utf8mb4 COLLATE utf8mb4_general_ci NULL DEFAULT '' COMMENT '浏览器类型',
  `os` varchar(50) CHARACTER SET utf8mb4 COLLATE utf8mb4_general_ci NULL DEFAULT '' COMMENT '操作系统',
  PRIMARY KEY (`series`) USING BTREE,
  INDEX `fk_user_persistent_token`(`user_id`) USING BTREE
) ENGINE = InnoDB CHARACTER SET = utf8 COLLATE = utf8_general_ci ROW_FORMAT = Compact;

-- ----------------------------
-- Table structure for sys_role
-- ----------------------------
DROP TABLE IF EXISTS `sys_role`;
CREATE TABLE `sys_role`  (
  `id` varchar(32) CHARACTER SET utf8mb4 COLLATE utf8mb4_bin NOT NULL,
  `name` varchar(64) CHARACTER SET utf8mb4 COLLATE utf8mb4_bin NOT NULL,
  `code` varchar(64) CHARACTER SET utf8mb4 COLLATE utf8mb4_bin NOT NULL,
  `remark` varchar(255) CHARACTER SET utf8mb4 COLLATE utf8mb4_bin NULL DEFAULT NULL,
  `data_scope` char(1) CHARACTER SET utf8mb4 COLLATE utf8mb4_bin NULL DEFAULT NULL COMMENT '数据权限 1全部 2所在机构及以下数据  3 所在机构数据  4仅本人数据 5 按明细设置',
  `available` char(1) CHARACTER SET utf8mb4 COLLATE utf8mb4_bin NULL DEFAULT '1' COMMENT '1-正常，0-锁定',
  `created_by` varchar(50) CHARACTER SET utf8 COLLATE utf8_general_ci NOT NULL,
  `created_date` timestamp(3) NOT NULL DEFAULT CURRENT_TIMESTAMP(3),
  `last_modified_by` varchar(50) CHARACTER SET utf8 COLLATE utf8_general_ci NULL DEFAULT NULL,
  `last_modified_date` timestamp(3) NULL DEFAULT NULL ON UPDATE CURRENT_TIMESTAMP(3),
  `description` varchar(255) CHARACTER SET utf8 COLLATE utf8_general_ci NULL DEFAULT NULL COMMENT '描述',
  `version` int(11) NOT NULL,
  `del_flag` char(1) CHARACTER SET utf8mb4 COLLATE utf8mb4_bin NULL DEFAULT '0' COMMENT '0-正常，1-删除',
  PRIMARY KEY (`id`) USING BTREE,
  UNIQUE INDEX `role_idx1_role_code`(`code`) USING BTREE
) ENGINE = InnoDB CHARACTER SET = utf8mb4 COLLATE = utf8mb4_bin COMMENT = '系统角色表' ROW_FORMAT = Dynamic;

-- ----------------------------
-- Records of sys_role
-- ----------------------------
INSERT INTO `sys_role` VALUES ('1', '管理员', 'ROLE_ADMIN', '管理员', '1', '1', '', '2017-10-29 15:45:51.000', '1', '2019-08-11 14:44:17.191', NULL, 51, '0');
INSERT INTO `sys_role` VALUES ('2', 'ROLE_CQQ', 'ROLE_CQQ', 'ROLE_CQQ', '5', '1', '', '2018-11-11 19:42:26.000', '1', '2019-08-07 18:00:54.000', NULL, 8, '0');

-- ----------------------------
-- Table structure for sys_role_dept
-- ----------------------------
DROP TABLE IF EXISTS `sys_role_dept`;
CREATE TABLE `sys_role_dept`  (
  `id` varchar(32) CHARACTER SET utf8 COLLATE utf8_general_ci NOT NULL,
  `role_id` varchar(32) CHARACTER SET utf8 COLLATE utf8_general_ci NULL DEFAULT NULL COMMENT '角色ID',
  `dept_id` varchar(32) CHARACTER SET utf8 COLLATE utf8_general_ci NULL DEFAULT NULL COMMENT '部门ID',
  PRIMARY KEY (`id`) USING BTREE
) ENGINE = InnoDB CHARACTER SET = utf8 COLLATE = utf8_general_ci COMMENT = '角色与部门对应关系' ROW_FORMAT = Dynamic;

-- ----------------------------
-- Records of sys_role_dept
-- ----------------------------
INSERT INTO `sys_role_dept` VALUES ('067f6ef72da05584b6a2fadf9e148bd7', '2', '1');
INSERT INTO `sys_role_dept` VALUES ('239cec91e90626a61f9d8032325093fe', '2', '3');
INSERT INTO `sys_role_dept` VALUES ('323efd0c7e24836f6354f0b21df9d01d', '1', '8');
INSERT INTO `sys_role_dept` VALUES ('92d988094cded15b88e112f168ca3f9b', '2', '4');
INSERT INTO `sys_role_dept` VALUES ('dc7028df1d55ae7e0b3044d493643b0c', '2', '5');

-- ----------------------------
-- Table structure for sys_role_menu
-- ----------------------------
DROP TABLE IF EXISTS `sys_role_menu`;
CREATE TABLE `sys_role_menu`  (
  `role_id` varchar(32) CHARACTER SET utf8 COLLATE utf8_general_ci NOT NULL COMMENT '角色ID',
  `menu_id` varchar(32) CHARACTER SET utf8 COLLATE utf8_general_ci NOT NULL COMMENT '菜单ID',
  PRIMARY KEY (`role_id`, `menu_id`) USING BTREE
) ENGINE = InnoDB CHARACTER SET = utf8 COLLATE = utf8_general_ci COMMENT = '角色菜单表' ROW_FORMAT = Dynamic;

-- ----------------------------
-- Records of sys_role_menu
-- ----------------------------
INSERT INTO `sys_role_menu` VALUES ('1', '06874adacf1f272be7928badd4fe8ed1');
INSERT INTO `sys_role_menu` VALUES ('1', '0d0be247863fcbf08b3db943e5f45992');
INSERT INTO `sys_role_menu` VALUES ('1', '1000');
INSERT INTO `sys_role_menu` VALUES ('1', '1100');
INSERT INTO `sys_role_menu` VALUES ('1', '1101');
INSERT INTO `sys_role_menu` VALUES ('1', '1102');
INSERT INTO `sys_role_menu` VALUES ('1', '1103');
INSERT INTO `sys_role_menu` VALUES ('1', '1200');
INSERT INTO `sys_role_menu` VALUES ('1', '1201');
INSERT INTO `sys_role_menu` VALUES ('1', '1202');
INSERT INTO `sys_role_menu` VALUES ('1', '1203');
INSERT INTO `sys_role_menu` VALUES ('1', '1300');
INSERT INTO `sys_role_menu` VALUES ('1', '1301');
INSERT INTO `sys_role_menu` VALUES ('1', '1302');
INSERT INTO `sys_role_menu` VALUES ('1', '1303');
INSERT INTO `sys_role_menu` VALUES ('1', '1304');
INSERT INTO `sys_role_menu` VALUES ('1', '13093fb658c1806ad5bd0600316158f2');
INSERT INTO `sys_role_menu` VALUES ('1', '1400');
INSERT INTO `sys_role_menu` VALUES ('1', '1401');
INSERT INTO `sys_role_menu` VALUES ('1', '1402');
INSERT INTO `sys_role_menu` VALUES ('1', '1403');
INSERT INTO `sys_role_menu` VALUES ('1', '1a900c3f10ef5b0987e0a8ee4445316d');
INSERT INTO `sys_role_menu` VALUES ('1', '2000');
INSERT INTO `sys_role_menu` VALUES ('1', '2100');
INSERT INTO `sys_role_menu` VALUES ('1', '2101');
INSERT INTO `sys_role_menu` VALUES ('1', '2200');
INSERT INTO `sys_role_menu` VALUES ('1', '2201');
INSERT INTO `sys_role_menu` VALUES ('1', '2202');
INSERT INTO `sys_role_menu` VALUES ('1', '247071d42ff40267c8d8c44eac92da67');
INSERT INTO `sys_role_menu` VALUES ('1', '2500');
INSERT INTO `sys_role_menu` VALUES ('1', '2600');
INSERT INTO `sys_role_menu` VALUES ('1', '2601');
INSERT INTO `sys_role_menu` VALUES ('1', '34dae0db3f9c97482d598f964bd4c9c7');
INSERT INTO `sys_role_menu` VALUES ('1', '413892fe8d52c1163d6659f51299dc96');
INSERT INTO `sys_role_menu` VALUES ('1', '52715698214e88cb09fa4dd1ea5ad348');
INSERT INTO `sys_role_menu` VALUES ('1', '6e3f89cda84ac2c6e715e7812c102ae8');
INSERT INTO `sys_role_menu` VALUES ('1', '7b14af9e9fbff286856338a194422b07');
INSERT INTO `sys_role_menu` VALUES ('1', '92f78825551a22fa130c03066f398448');
INSERT INTO `sys_role_menu` VALUES ('1', '94b57a562063d103423e2c6125cb30ad');
INSERT INTO `sys_role_menu` VALUES ('1', '97722c6d56c8b9990cc3c1a6eea3d6bb');
INSERT INTO `sys_role_menu` VALUES ('1', 'a18b33e15bde209a3c9115517c56d9ec');
INSERT INTO `sys_role_menu` VALUES ('1', 'b961670cbf3454f5927c4bd2a327e915');
INSERT INTO `sys_role_menu` VALUES ('1', 'bb9dd4b7a2a462193d0f01517308f812');
INSERT INTO `sys_role_menu` VALUES ('1', 'bd62904371247f56594741ff8e9bded9');
INSERT INTO `sys_role_menu` VALUES ('1', 'c0ba37c10abaecd89a738c5cf2a2fd24');
INSERT INTO `sys_role_menu` VALUES ('1', 'caaec41413c5713c6f290efe08c11415');
INSERT INTO `sys_role_menu` VALUES ('1', 'd4c16faad8f883650a3a8eab829ebad9');
INSERT INTO `sys_role_menu` VALUES ('1', 'e086c4aa4943a883b29cf94680608b89');
INSERT INTO `sys_role_menu` VALUES ('1', 'e5ea38c1f97dee0043e78f3fb27b25d6');
INSERT INTO `sys_role_menu` VALUES ('1', 'e710a66583fe0e324492462adb16014e');
INSERT INTO `sys_role_menu` VALUES ('1', 'ef2382c0cc2d99ee73444e684237a88a');
INSERT INTO `sys_role_menu` VALUES ('1', 'f15e2186907d22765cd149a94905842a');
INSERT INTO `sys_role_menu` VALUES ('2', '1000');
INSERT INTO `sys_role_menu` VALUES ('2', '1100');
INSERT INTO `sys_role_menu` VALUES ('2', '1101');
INSERT INTO `sys_role_menu` VALUES ('2', '1102');
INSERT INTO `sys_role_menu` VALUES ('2', '1103');
INSERT INTO `sys_role_menu` VALUES ('2', '1200');
INSERT INTO `sys_role_menu` VALUES ('2', '1201');
INSERT INTO `sys_role_menu` VALUES ('2', '1202');
INSERT INTO `sys_role_menu` VALUES ('2', '1203');
INSERT INTO `sys_role_menu` VALUES ('2', '1300');
INSERT INTO `sys_role_menu` VALUES ('2', '1301');
INSERT INTO `sys_role_menu` VALUES ('2', '1302');
INSERT INTO `sys_role_menu` VALUES ('2', '1303');
INSERT INTO `sys_role_menu` VALUES ('2', '1304');
INSERT INTO `sys_role_menu` VALUES ('2', '1400');
INSERT INTO `sys_role_menu` VALUES ('2', '1401');
INSERT INTO `sys_role_menu` VALUES ('2', '1402');
INSERT INTO `sys_role_menu` VALUES ('2', '1403');
INSERT INTO `sys_role_menu` VALUES ('2', 'e5ea38c1f97dee0043e78f3fb27b25d6');

-- ----------------------------
-- Table structure for sys_user
-- ----------------------------
DROP TABLE IF EXISTS `sys_user`;
CREATE TABLE `sys_user`  (
  `id` varchar(32) CHARACTER SET utf8mb4 COLLATE utf8mb4_bin NOT NULL DEFAULT '1' COMMENT '主键ID',
  `username` varchar(64) CHARACTER SET utf8mb4 COLLATE utf8mb4_bin NOT NULL COMMENT '用户名',
  `password` varchar(255) CHARACTER SET utf8mb4 COLLATE utf8mb4_bin NOT NULL,
  `salt` varchar(255) CHARACTER SET utf8mb4 COLLATE utf8mb4_bin NULL DEFAULT NULL COMMENT '随机盐',
  `phone` varchar(20) CHARACTER SET utf8mb4 COLLATE utf8mb4_bin NULL DEFAULT NULL COMMENT '简介',
  `email` varchar(64) CHARACTER SET utf8mb4 COLLATE utf8mb4_bin NULL DEFAULT NULL COMMENT '邮箱',
  `avatar` varchar(255) CHARACTER SET utf8mb4 COLLATE utf8mb4_bin NULL DEFAULT NULL COMMENT '头像',
  `dept_id` varchar(32) CHARACTER SET utf8mb4 COLLATE utf8mb4_bin NULL DEFAULT NULL COMMENT '部门ID',
  `qq_open_id` varchar(32) CHARACTER SET utf8mb4 COLLATE utf8mb4_bin NULL DEFAULT NULL COMMENT 'QQ openid',
  `wx_open_id` varchar(32) CHARACTER SET utf8mb4 COLLATE utf8mb4_bin NULL DEFAULT NULL COMMENT '微信openid',
  `available` char(1) CHARACTER SET utf8mb4 COLLATE utf8mb4_bin NULL DEFAULT '1' COMMENT '1-正常，0-锁定',
  `created_by` varchar(50) CHARACTER SET utf8 COLLATE utf8_general_ci NOT NULL,
  `created_date` timestamp(3) NULL DEFAULT CURRENT_TIMESTAMP(3) COMMENT '创建时间',
  `last_modified_by` varchar(50) CHARACTER SET utf8 COLLATE utf8_general_ci NULL DEFAULT NULL,
  `last_modified_date` timestamp(3) NULL DEFAULT NULL ON UPDATE CURRENT_TIMESTAMP(3) COMMENT '修改时间',
  `description` varchar(255) CHARACTER SET utf8 COLLATE utf8_general_ci NULL DEFAULT NULL COMMENT '描述',
  `version` int(11) NOT NULL,
  `del_flag` char(1) CHARACTER SET utf8mb4 COLLATE utf8mb4_bin NULL DEFAULT '0' COMMENT '0-正常，1-删除',
  PRIMARY KEY (`id`) USING BTREE,
  INDEX `user_wx_openid`(`wx_open_id`) USING BTREE,
  INDEX `user_qq_openid`(`qq_open_id`) USING BTREE,
  INDEX `user_idx1_username`(`username`) USING BTREE
) ENGINE = InnoDB CHARACTER SET = utf8mb4 COLLATE = utf8mb4_bin COMMENT = '用户表' ROW_FORMAT = Dynamic;

-- ----------------------------
-- Records of sys_user
-- ----------------------------
INSERT INTO `sys_user` VALUES ('1', 'admin', '$2a$10$81JhU58/uM.JmWKiCAcxoOiSS///NT6rXbSRATa.UgGG8stlA1ABy', NULL, '17034642999', NULL, '', '1', NULL, 'o_0FT0uyg_H1vVy2H0JpSwlVGhWQ', '1', '', '2018-04-20 07:15:18.000', '1', '2019-08-11 17:46:36.983', NULL, 9, '0');
INSERT INTO `sys_user` VALUES ('53fb3761bdd95ed3d03f4a07f78ea0eb', 'dsafdf', '$2a$10$81JhU58/uM.JmWKiCAcxoOiSS///NT6rXbSRATa.UgGG8stlA1ABy', NULL, '12343543432', '837158@qq.com', NULL, '3', NULL, NULL, '1', '1', '2019-07-07 14:32:17.000', '1', '2019-07-13 01:38:33.000', NULL, 19, '1');
INSERT INTO `sys_user` VALUES ('90da0206c39867a1b36ac36ced80c1a9', 'test', '$2a$10$NmGuhLe7ODgRC0cwHPa0IuJh94uFYGrAMCyndqMwX07s.CH18RmlS', NULL, NULL, NULL, NULL, '3', NULL, NULL, '1', '1', '2019-07-07 14:35:13.000', '1', '2019-08-09 10:58:20.948', NULL, 36, '0');

-- ----------------------------
-- Table structure for sys_user_online
-- ----------------------------
DROP TABLE IF EXISTS `sys_user_online`;
CREATE TABLE `sys_user_online`  (
  `id` varchar(32) CHARACTER SET utf8 COLLATE utf8_general_ci NOT NULL DEFAULT '',
  `session_id` varchar(50) CHARACTER SET utf8mb4 COLLATE utf8mb4_general_ci NOT NULL DEFAULT '' COMMENT '用户会话id',
  `user_id` varchar(32) CHARACTER SET utf8mb4 COLLATE utf8mb4_general_ci NULL DEFAULT NULL COMMENT '登录ID',
  `username` varchar(50) CHARACTER SET utf8mb4 COLLATE utf8mb4_general_ci NULL DEFAULT '' COMMENT '登录账号',
  `dept_id` varchar(32) CHARACTER SET utf8mb4 COLLATE utf8mb4_general_ci NULL DEFAULT NULL COMMENT '部门ID',
  `dept_name` varchar(50) CHARACTER SET utf8mb4 COLLATE utf8mb4_general_ci NULL DEFAULT '' COMMENT '部门名称',
  `ip_address` varchar(50) CHARACTER SET utf8mb4 COLLATE utf8mb4_general_ci NULL DEFAULT '' COMMENT 'IP',
  `ip_location` varchar(255) CHARACTER SET utf8mb4 COLLATE utf8mb4_general_ci NULL DEFAULT '' COMMENT 'IP地址',
  `user_agent` varchar(2000) CHARACTER SET utf8mb4 COLLATE utf8mb4_general_ci NULL DEFAULT NULL COMMENT '用户代理',
  `browser` varchar(50) CHARACTER SET utf8mb4 COLLATE utf8mb4_general_ci NULL DEFAULT '' COMMENT '浏览器类型',
  `os` varchar(50) CHARACTER SET utf8mb4 COLLATE utf8mb4_general_ci NULL DEFAULT '' COMMENT '操作系统',
  `status` varchar(10) CHARACTER SET utf8mb4 COLLATE utf8mb4_general_ci NULL DEFAULT '' COMMENT '在线状态on_line在线off_line离线',
  `start_timestamp` datetime(0) NULL DEFAULT NULL COMMENT 'session创建时间',
  `last_access_time` datetime(0) NULL DEFAULT NULL COMMENT 'session最后访问时间',
  `expire_time` int(5) NULL DEFAULT 0 COMMENT '超时时间，单位为分钟',
  `del_flag` char(1) CHARACTER SET utf8mb4 COLLATE utf8mb4_bin NULL DEFAULT '0' COMMENT '0-正常，1-删除',
  PRIMARY KEY (`id`) USING BTREE
) ENGINE = InnoDB CHARACTER SET = utf8mb4 COLLATE = utf8mb4_general_ci COMMENT = '在线用户记录' ROW_FORMAT = Dynamic;

-- ----------------------------
-- Table structure for sys_user_role
-- ----------------------------
DROP TABLE IF EXISTS `sys_user_role`;
CREATE TABLE `sys_user_role`  (
  `user_id` varchar(32) CHARACTER SET utf8 COLLATE utf8_general_ci NOT NULL COMMENT '用户ID',
  `role_id` varchar(32) CHARACTER SET utf8 COLLATE utf8_general_ci NOT NULL COMMENT '角色ID',
  PRIMARY KEY (`user_id`, `role_id`) USING BTREE
) ENGINE = InnoDB CHARACTER SET = utf8 COLLATE = utf8_general_ci COMMENT = '用户角色表' ROW_FORMAT = Dynamic;

-- ----------------------------
-- Records of sys_user_role
-- ----------------------------
INSERT INTO `sys_user_role` VALUES ('1', '1');
INSERT INTO `sys_user_role` VALUES ('90da0206c39867a1b36ac36ced80c1a9', '1');

-- ----------------------------
-- Table structure for test_book
-- ----------------------------
DROP TABLE IF EXISTS `test_book`;
CREATE TABLE `test_book`  (
  `id` varchar(32) CHARACTER SET utf8 COLLATE utf8_general_ci NOT NULL,
  `title_` varchar(32) CHARACTER SET utf8 COLLATE utf8_general_ci NULL DEFAULT NULL COMMENT '标题',
  `author_` varchar(50) CHARACTER SET utf8 COLLATE utf8_general_ci NOT NULL COMMENT '作者',
  `name_` varchar(50) CHARACTER SET utf8 COLLATE utf8_general_ci NULL DEFAULT NULL COMMENT '名称',
  `email_` varchar(100) CHARACTER SET utf8 COLLATE utf8_general_ci NULL DEFAULT NULL COMMENT '邮箱',
  `phone_` varchar(32) CHARACTER SET utf8 COLLATE utf8_general_ci NULL DEFAULT NULL COMMENT '手机',
  `activated_` bit(1) NOT NULL,
  `number_` int(11) NULL DEFAULT NULL COMMENT 'key',
  `money_` decimal(20, 2) NULL DEFAULT NULL,
  `amount_` double(11, 2) NULL DEFAULT NULL,
  `reset_date` timestamp(3) NULL DEFAULT NULL,
  `created_by` varchar(50) CHARACTER SET utf8 COLLATE utf8_general_ci NOT NULL,
  `created_date` timestamp(3) NOT NULL DEFAULT CURRENT_TIMESTAMP(3) ON UPDATE CURRENT_TIMESTAMP(3),
  `last_modified_by` varchar(50) CHARACTER SET utf8 COLLATE utf8_general_ci NULL DEFAULT NULL,
  `last_modified_date` timestamp(3) NULL DEFAULT NULL,
  `description` varchar(255) CHARACTER SET utf8 COLLATE utf8_general_ci NULL DEFAULT NULL,
  `version` int(11) NULL DEFAULT NULL,
  `del_flag` char(1) CHARACTER SET utf8mb4 COLLATE utf8mb4_bin NULL DEFAULT '0' COMMENT '0-正常，1-删除',
  PRIMARY KEY (`id`) USING BTREE
) ENGINE = InnoDB CHARACTER SET = utf8 COLLATE = utf8_general_ci COMMENT = '测试书籍' ROW_FORMAT = Dynamic;

-- ----------------------------
-- Table structure for test_tree_book
-- ----------------------------
DROP TABLE IF EXISTS `test_tree_book`;
CREATE TABLE `test_tree_book`  (
  `id` varchar(32) CHARACTER SET utf8 COLLATE utf8_general_ci NOT NULL,
  `parent_id` varchar(32) CHARACTER SET utf8 COLLATE utf8_general_ci NULL DEFAULT NULL,
  `parent_ids` varchar(2000) CHARACTER SET utf8 COLLATE utf8_general_ci NULL DEFAULT NULL COMMENT '父菜单IDs',
  `name` varchar(50) CHARACTER SET utf8 COLLATE utf8_general_ci NULL DEFAULT NULL COMMENT '部门名称',
  `sort` int(11) NULL DEFAULT NULL COMMENT '排序',
  `leaf` bit(1) NULL DEFAULT b'0' COMMENT '1 叶子节点 0 非叶子节点',
  `author_` varchar(50) CHARACTER SET utf8 COLLATE utf8_general_ci NOT NULL COMMENT '作者',
  `email_` varchar(100) CHARACTER SET utf8 COLLATE utf8_general_ci NULL DEFAULT NULL COMMENT '邮箱',
  `phone_` varchar(32) CHARACTER SET utf8 COLLATE utf8_general_ci NULL DEFAULT NULL COMMENT '手机',
  `activated_` bit(1) NOT NULL,
  `number_` int(11) NULL DEFAULT NULL COMMENT 'key',
  `money_` decimal(20, 2) NULL DEFAULT NULL,
  `amount_` double(11, 2) NULL DEFAULT NULL,
  `reset_date` timestamp(3) NULL DEFAULT NULL,
  `created_by` varchar(50) CHARACTER SET utf8 COLLATE utf8_general_ci NOT NULL,
  `created_date` timestamp(3) NULL DEFAULT CURRENT_TIMESTAMP(3) COMMENT '创建时间',
  `last_modified_by` varchar(50) CHARACTER SET utf8 COLLATE utf8_general_ci NULL DEFAULT NULL,
  `del_flag` char(1) CHARACTER SET utf8mb4 COLLATE utf8mb4_bin NULL DEFAULT '0' COMMENT '0-正常，1-删除',
  `last_modified_date` timestamp(3) NULL DEFAULT NULL ON UPDATE CURRENT_TIMESTAMP(3) COMMENT '修改时间',
  `version` int(11) NOT NULL,
  `description` varchar(100) CHARACTER SET utf8 COLLATE utf8_general_ci NULL DEFAULT NULL COMMENT '描述',
  PRIMARY KEY (`id`) USING BTREE
) ENGINE = InnoDB CHARACTER SET = utf8 COLLATE = utf8_general_ci COMMENT = '  测试树书' ROW_FORMAT = Dynamic;

-- ----------------------------
-- Records of test_tree_book
-- ----------------------------
INSERT INTO `test_tree_book` VALUES ('06a31c9d796e76d348f6405d95c5f0ed', '-1', NULL, '11', 11, b'0', '11', '', '', b'1', NULL, NULL, NULL, NULL, '1', '2019-08-11 14:41:21.775', '1', '0', '2019-08-11 14:43:41.698', 2, '');
INSERT INTO `test_tree_book` VALUES ('3684a7c2536585d8a8628a4062a6c98e', '06a31c9d796e76d348f6405d95c5f0ed', '06a31c9d796e76d348f6405d95c5f0ed,', '2', 2, b'1', '2', '', '', b'1', NULL, NULL, NULL, NULL, '1', '2019-08-11 14:41:36.000', '1', '1', '2019-08-11 14:43:44.796', 1, '');

SET FOREIGN_KEY_CHECKS = 1;
